i_patient,j_no,U_State_NSCLC,U_State_SCLC,U_NH_acc_factor,U_Next_event1,U_Next_event2
1,1,0.502405405,0.128868739,0.163229822,0.485182994,0.383184005
1,2,0.28531657,0.783384924,0.993862329,0.19874067,0.655120325
1,3,0.168067392,0.041329813,0.136696869,0.93275476,0.168948104
1,4,0.867391594,0.289250736,0.145508077,0.838228087,0.267766969
1,5,0.357182673,0.750839191,0.14854335,0.250284337,0.532498811
1,6,0.970110242,0.137364476,0.926497135,0.058073386,0.727415864
1,7,0.722564878,0.560458837,0.731794655,0.077467096,0.189805233
1,8,0.323770596,0.346233975,0.415927132,0.817439656,0.725956698
1,9,0.07123624,0.864745273,0.576208959,0.109431154,0.057437086
1,10,0.035390071,0.012006361,0.332690536,0.923824383,0.458304054
2,1,0.429463457,0.619501036,0.797977446,0.94228171,0.182643694
2,2,0.532061256,0.466915882,0.154786299,0.783040122,0.36421346
2,3,0.362793297,0.846520738,0.293444481,0.443286388,0.864643644
2,4,0.552339667,0.447062199,0.787703204,0.109595904,0.800781653
2,5,0.180274638,0.900865593,0.283179085,0.324010568,0.391504189
2,6,0.335470581,0.799621088,0.48850388,0.445420317,0.189210437
2,7,0.63937916,0.969586042,0.038352101,0.979614903,0.326950011
2,8,0.563223375,0.001473759,0.865665187,0.610006068,0.81450049
2,9,0.549367185,0.555648094,0.347288336,0.499689701,0.486706866
2,10,0.859338217,0.656245124,0.418733914,0.167366793,0.363644312
3,1,0.687949102,0.33364715,0.462679434,0.67387208,0.560078389
3,2,0.091508294,0.293784501,0.327417696,0.618874992,0.85277222
3,3,0.64006106,0.579596196,0.660369294,0.536213143,0.954596987
3,4,0.299825599,0.762554895,0.725225741,0.294802157,0.919542852
3,5,0.60732773,0.415720162,0.208246424,0.967607695,0.459575241
3,6,0.1062483,0.356705131,0.507351801,0.524501051,0.648738423
3,7,0.466755411,0.279265449,0.041001552,0.928526752,0.638356747
3,8,0.170999754,0.297331987,0.971882541,0.29585721,0.717269353
3,9,0.949095351,0.203669986,0.004381651,0.589733456,0.402158923
3,10,0.655409286,0.959778981,0.853570831,0.335307647,0.250745899
4,1,0.268172762,0.465897826,0.186116537,0.345153675,0.373789326
4,2,0.308426632,0.675658093,0.639770212,0.608569016,0.196236665
4,3,0.901103264,0.558328069,0.031135921,0.947617731,0.895699768
4,4,0.619791066,0.010236215,0.46604825,0.98585766,0.178150794
4,5,0.188815041,0.808616071,0.254279711,0.705972482,0.037606365
4,6,0.652744705,0.426106067,0.29946542,0.771957525,0.379692131
4,7,0.804150613,0.607882911,0.962226774,0.556312708,0.429934622
4,8,0.93365306,0.509006366,0.365479689,0.366457199,0.863025886
4,9,0.867743835,0.485869593,0.730243765,0.198290525,0.197757239
4,10,0.308889097,0.114219057,0.701217508,0.257270633,0.210144804
5,1,0.959056751,0.343950081,0.733736102,0.093090653,0.89284838
5,2,0.835291717,0.36555009,0.624777171,0.578904638,0.922624344
5,3,0.714941612,0.246883675,0.970360612,0.224808707,0.821824746
5,4,0.611880747,0.207280689,0.518841104,0.409149308,0.165539978
5,5,0.760936616,0.598675154,0.52234064,0.243269112,0.119516921
5,6,0.172439708,0.401707433,0.460510377,0.303107681,0.455751921
5,7,0.759480304,0.474868995,0.696940855,0.348409721,0.930569695
5,8,0.651465164,0.954714336,0.006570047,0.407575961,0.94471597
5,9,0.050856645,0.957206676,0.477217394,0.187200329,0.871672151
5,10,0.193208359,0.943877054,0.486907782,0.097472492,0.976221199
6,1,0.444347099,0.548118704,0.376848357,0.544836688,0.166192073
6,2,0.907286466,0.172556288,0.390524193,0.327569389,0.631067846
6,3,0.634619789,0.937308338,0.776071413,0.607127617,0.414233108
6,4,0.065662466,0.476819243,0.982100088,0.184954813,0.756048686
6,5,0.054858349,0.498711621,0.287301691,0.266270303,0.590483956
6,6,0.036838019,0.173507501,0.9250225,0.734813399,0.718837308
6,7,0.467193036,0.533769212,0.617854251,0.079184012,0.646198657
6,8,0.365541562,0.443557521,0.027223935,0.508228043,0.197100315
6,9,0.75791373,0.420105856,0.793245791,0.5012236,0.332134591
6,10,0.751333101,0.200875099,0.544315165,0.729308545,0.977307753
7,1,0.096809637,0.08586932,0.702900019,0.577707252,0.114596491
7,2,0.764814027,0.279243223,0.206545865,0.915230508,0.791157057
7,3,0.992498329,0.037955352,0.481330992,0.040806126,0.706111111
7,4,0.901945154,0.255335791,0.904782745,0.352419205,0.060922669
7,5,0.659166611,0.848032683,0.32403975,0.533478475,0.299144993
7,6,0.494732361,0.812361944,0.542589761,0.018566029,0.664422683
7,7,0.054507874,0.869984641,0.528537694,0.708482998,0.753555364
7,8,0.305298382,0.733820345,0.800695425,0.952150982,0.328127946
7,9,0.276691258,0.231971154,0.793806234,0.3868341,0.478124327
7,10,0.55745761,0.039351326,0.686996892,0.770460317,0.005256953
8,1,0.548285119,0.732134674,0.104756676,0.852096564,0.803712538
8,2,0.130141526,0.750200929,0.938588897,0.253335553,0.567588515
8,3,0.074273527,0.637689533,0.815588673,0.053934561,0.938321209
8,4,0.560919575,0.458420115,0.369363801,0.471866115,0.093967455
8,5,0.009774698,0.718115504,0.076038923,0.723708216,0.751590577
8,6,0.740612162,0.239761879,0.871930206,0.609877764,0.922457166
8,7,0.081334404,0.913495681,0.182924314,0.641779684,0.07397814
8,8,0.641014536,0.919453046,0.556033576,0.062999683,0.665520345
8,9,0.660513422,0.349584358,0.493458613,0.496992594,0.564839522
8,10,0.224139196,0.728636095,0.825777267,0.267604733,0.942614761
9,1,0.131656363,0.513598217,0.935490769,0.147906608,0.464215857
9,2,0.965755075,0.136528429,0.653823762,0.768730737,0.397098841
9,3,0.894232129,0.832646308,0.432225145,0.2476946,0.106686059
9,4,0.546470883,0.074995725,0.859128958,0.993980366,0.450390694
9,5,0.453751368,0.739541142,0.615344154,0.292712384,0.96850218
9,6,0.608443395,0.282597104,0.325495527,0.480807869,0.189936026
9,7,0.457823077,0.063774681,0.351937882,0.823775415,0.572329749
9,8,0.151931327,0.39633427,0.098334657,0.675320135,0.539903823
9,9,0.737552065,0.174087697,0.643988688,0.601007974,0.051955311
9,10,0.887108342,0.836072149,0.853961985,0.9687956,0.407213429
10,1,0.659087436,0.796751958,0.198054438,0.176164745,0.09917763
10,2,0.877012809,0.38789266,0.117386105,0.809854259,0.080027619
10,3,0.566789976,0.529769645,0.807120322,0.09097083,0.170368245
10,4,0.425537307,0.481621537,0.26083416,0.502838181,0.829049382
10,5,0.572189309,0.273964227,0.281438927,0.848393904,0.390456855
10,6,0.906294155,0.722124483,0.133884026,0.990148744,0.835168279
10,7,0.529247821,0.783634651,0.813494232,0.400425658,0.225925663
10,8,0.765200591,0.731994252,0.848836667,0.627962293,0.071100572
10,9,0.096117424,0.17497237,0.818939825,0.336706409,0.860222494
10,10,0.985286526,0.932205802,0.844617001,0.44113084,0.508611162
11,1,0.439478186,0.836969089,0.317978981,0.685028066,0.158889679
11,2,0.500112038,0.628816553,0.564997262,0.464593128,0.795124239
11,3,0.287395401,0.758613907,0.250820028,0.518368132,0.747790427
11,4,0.855771575,0.797667712,0.316764246,0.559268454,0.824511164
11,5,0.276742967,0.793192975,0.695145313,0.479810692,0.334645319
11,6,0.166652696,0.567263061,0.830061938,0.787284894,0.104430851
11,7,0.199039923,0.781723271,0.721010378,0.496940595,0.929702031
11,8,0.041549282,0.513729084,0.176190344,0.187562979,0.11584891
11,9,0.03753235,0.433855113,0.287126245,0.063484487,0.272068717
11,10,0.458744765,0.133812448,0.520045126,0.942650911,0.436300469
12,1,0.151421255,0.00736274,0.540425545,0.232107541,0.240150171
12,2,0.233731263,0.264270166,0.642786212,0.289199622,0.647177544
12,3,0.281376529,0.615842532,0.899273754,0.152845792,0.152242248
12,4,0.555535486,0.845528595,0.117649735,0.790863334,0.934666811
12,5,0.647152882,0.614974408,0.842134163,0.689131806,0.710994427
12,6,0.541619539,0.376505588,0.995975851,0.234755426,0.849494844
12,7,0.649547701,0.225089694,0.408261921,0.781905691,0.938725523
12,8,0.165567223,0.401854081,0.510476016,0.03618125,0.97094499
12,9,0.451364259,0.913959559,0.629111855,0.629692882,0.764354675
12,10,0.731702887,0.32426723,0.833259479,0.736845704,0.295645662
13,1,0.087476293,0.07481233,0.127799173,0.870493435,0.433107594
13,2,0.782376747,0.5482858,0.764054067,0.685616098,0.873167004
13,3,0.466052645,0.413134119,0.707524041,0.908394826,0.24853603
13,4,0.86077814,0.859186378,0.589733443,0.676513752,0.574981782
13,5,0.036742565,0.239632788,0.457081493,0.140227072,0.278637699
13,6,0.173626285,0.974374542,0.566964891,0.758651137,0.469991835
13,7,0.866714126,0.73212357,0.647518996,0.401351803,0.653958549
13,8,0.421316283,0.032838257,0.971764494,0.814146262,0.74744104
13,9,0.424938781,0.549166371,0.902129971,0.140646256,0.068398151
13,10,0.87421364,0.917929261,0.592697727,0.62993434,0.534888634
14,1,0.874103257,0.983755011,0.724448298,0.518786665,0.989928332
14,2,0.3287347,0.093437649,0.540404702,0.863145762,0.942623955
14,3,0.393736135,0.834852724,0.356949369,0.291373706,0.555681367
14,4,0.969489568,0.803053861,0.523598512,0.101154375,0.737072599
14,5,0.715954763,0.214468077,0.037697096,0.304408562,0.644194041
14,6,0.58865683,0.069004883,0.954105453,0.335413769,0.975224129
14,7,0.678396387,0.408212215,0.039380029,0.72605501,0.740117126
14,8,0.608631223,0.207639619,0.548806009,0.090439376,0.275997992
14,9,0.2650419,0.862432214,0.532728001,0.268799992,0.550483626
14,10,0.847026103,0.263725671,0.076027464,0.282962844,0.599820871
15,1,0.174056266,0.631329333,0.24049354,0.215484376,0.249007039
15,2,0.465924442,0.792660481,0.315024511,0.656187521,0.398659789
15,3,0.187773329,0.87656338,0.702879154,0.3527919,0.993519393
15,4,0.211907039,0.030881902,0.476817799,0.493285162,0.423595175
15,5,0.661383093,0.88334494,0.603195729,0.09279839,0.910220566
15,6,0.835943299,0.108604644,0.533642929,0.394734349,0.047110814
15,7,0.776982794,0.763414075,0.330740778,0.602461441,0.959336024
15,8,0.326355004,0.105285538,0.644897826,0.847731451,0.055391288
15,9,0.83443761,0.233441498,0.703522546,0.947519277,0.282800373
15,10,0.420974928,0.711982628,0.934701327,0.790876311,0.762200822
16,1,0.416025818,0.09478254,0.367679804,0.159188721,0.707058277
16,2,0.378821533,0.715262648,0.647918135,0.077134126,0.125621521
16,3,0.800649802,0.414101044,0.810872992,0.563872224,0.140272743
16,4,0.389163938,0.089300572,0.152178251,0.387436099,0.016942124
16,5,0.572684966,0.625578946,0.575173469,0.570809562,0.7301927
16,6,0.267498247,0.889057321,0.421902284,0.828408752,0.446636853
16,7,0.902528354,0.909365725,0.840090426,0.169577529,0.622356904
16,8,0.616267721,0.892184687,0.329273796,0.581500532,0.298201733
16,9,0.124659218,0.474352945,0.558655658,0.625936697,0.004960528
16,10,0.66766541,0.33888833,0.961400015,0.941639465,0.637451545
17,1,0.54545128,0.456014209,0.703831133,0.695644795,0.342041672
17,2,0.093029123,0.348173768,0.926712685,0.92711033,0.231079151
17,3,0.852722764,0.337693152,0.885506318,0.840520614,0.857393225
17,4,0.884288542,0.160851656,0.209066184,0.56401544,0.000231195
17,5,0.585372681,0.973699786,0.779988301,0.966716385,0.465193454
17,6,0.726020014,0.061294994,0.474411208,0.627133375,0.730831542
17,7,0.055884782,0.907247587,0.314578173,0.899132189,0.100895562
17,8,0.305892223,0.597715114,0.548410913,0.884738494,0.341505672
17,9,0.503270184,0.200479996,0.113387418,0.069979434,0.834573825
17,10,0.05974071,0.760286276,0.810822553,0.739835063,0.951233478
18,1,0.077252215,0.165128852,0.346470109,0.700752079,0.961566975
18,2,0.482509315,0.183591337,0.535624934,0.57965401,0.750420362
18,3,0.532060495,0.122553487,0.626042693,0.075910519,0.710641564
18,4,0.306304101,0.752504486,0.900608942,0.258316875,0.505182385
18,5,0.243505713,0.523665183,0.667216999,0.458223625,0.467866167
18,6,0.458700731,0.598199898,0.535256607,0.931284025,0.319680125
18,7,0.700817278,0.939669443,0.126418228,0.48788425,0.038710303
18,8,0.994795588,0.769333923,0.885775699,0.028395303,0.641389634
18,9,0.625957364,0.728288931,0.434992977,0.801208635,0.51582377
18,10,0.787262808,0.017225052,0.335807214,0.719390353,0.156749089
19,1,0.708305253,0.531857939,0.457643237,0.342918409,0.773401523
19,2,0.323504528,0.654115895,0.495997864,0.320266493,0.59647784
19,3,0.275046517,0.202852414,0.694453632,0.724323441,0.75814321
19,4,0.701591217,0.897091398,0.429292204,0.880064704,0.571646453
19,5,0.705741283,0.878245197,0.523747994,0.19800495,0.640526531
19,6,0.004290235,0.902584102,0.922172715,0.42381241,0.442023911
19,7,0.195947079,0.791089259,0.045817138,0.961543216,0.596891429
19,8,0.210399291,0.220017416,0.354622982,0.119393826,0.824621779
19,9,0.819572334,0.990603847,0.677635468,0.975864192,0.146138757
19,10,0.834664284,0.3754968,0.809874915,0.989321875,0.688457627
20,1,0.075247358,0.905881413,0.403392526,0.519876963,0.331589801
20,2,0.040863359,0.260018649,0.084848905,0.959205111,0.64146554
20,3,0.633338331,0.424087789,0.360625519,0.242331594,0.783894275
20,4,0.33671122,0.980501417,0.887416859,0.707882647,0.437677772
20,5,0.563531923,0.772769967,0.524295254,0.704944744,0.110759924
20,6,0.259372654,0.597345614,0.989999777,0.872055081,0.495977063
20,7,0.544464945,0.907783617,0.602145889,0.116161625,0.143938187
20,8,0.576482437,0.321481716,0.162508703,0.343071341,0.067217894
20,9,0.176904581,0.447971719,0.832153009,0.380964998,0.876093868
20,10,0.526133727,0.719063696,0.715213729,0.81644359,0.00132625
21,1,0.626578555,0.607468503,0.259438022,0.293563645,0.166521076
21,2,0.250363978,0.434500089,0.315115165,0.834457574,0.731572166
21,3,0.644742867,0.475334404,0.469329687,0.785257832,0.249083797
21,4,0.196866832,0.266848372,0.038935395,0.792594601,0.244895078
21,5,0.036434353,0.302908334,0.982159926,0.032958518,0.924131191
21,6,0.143992259,0.38500955,0.108385994,0.331239543,0.275469967
21,7,0.332811224,0.891557671,0.021565362,0.557825091,0.160150624
21,8,0.162438375,0.099904168,0.002668403,0.540172367,0.853212169
21,9,0.185739157,0.400765517,0.591605881,0.539454107,0.085239242
21,10,0.809577412,0.758737016,0.22326912,0.570725177,0.785792362
22,1,0.304689647,0.70139344,0.278386117,0.52096107,0.126718136
22,2,0.826456134,0.298767378,0.751681458,0.101289466,0.902003972
22,3,0.524070709,0.007524257,0.47586541,0.986452501,0.385575319
22,4,0.557008677,0.681566096,0.148739161,0.224515864,0.70292008
22,5,0.298179857,0.506522958,0.72540274,0.51248697,0.10259727
22,6,0.294794237,0.367258272,0.677666875,0.144472746,0.214826293
22,7,0.511908235,0.389824839,0.088377584,0.593564709,0.528806306
22,8,0.206720884,0.137601753,0.092842214,0.085284426,0.895588787
22,9,0.695885874,0.124966184,0.991057222,0.154220513,0.943861767
22,10,0.009657669,0.104763644,0.523358044,0.611089877,0.918681214
23,1,0.124382199,0.044290973,0.869375723,0.798445342,0.547226682
23,2,0.95630629,0.126679864,0.898467376,0.448234049,0.124212642
23,3,0.912852077,0.854097248,0.247890744,0.252094763,0.769143451
23,4,0.841286726,0.31222098,0.419088451,0.53455923,0.222816792
23,5,0.630215316,0.009223124,0.456186482,0.095953672,0.412443453
23,6,0.241451227,0.346148767,0.658610836,0.877377402,0.490082739
23,7,0.703799923,0.145086839,0.904131317,0.174732705,0.272861828
23,8,0.219417064,0.791028927,0.914614274,0.50899913,0.811760546
23,9,0.238610086,0.201840735,0.291477181,0.117931362,0.747992052
23,10,0.809620974,0.417908658,0.586832499,0.524460121,0.057472749
24,1,0.474690632,0.328822965,0.478204815,0.379210754,0.657637022
24,2,0.874867589,0.134105511,0.207140923,0.262631035,0.099863497
24,3,0.097884918,0.018041591,0.228633509,0.578673355,0.442860384
24,4,0.003559388,0.297455482,0.919396941,0.940294643,0.81711655
24,5,0.736836978,0.855258169,0.574183668,0.751500501,0.187735212
24,6,0.787868211,0.162273821,0.744749242,0.156762684,0.840392768
24,7,0.627799995,0.778623915,0.684908438,0.02185417,0.2296656
24,8,0.868931223,0.775575155,0.546080746,0.796280371,0.301871229
24,9,0.791843992,0.14450769,0.819746193,0.093169892,0.905431741
24,10,0.768145533,0.009358095,0.808050815,0.799392178,0.267876827
25,1,0.799862541,0.298537463,0.192230639,0.502071257,0.728308141
25,2,0.262117078,0.613812931,0.45154419,0.119708333,0.907720754
25,3,0.653928499,0.178891032,0.746913598,0.610394421,0.033736603
25,4,0.379815726,0.627180459,0.112988119,0.030364485,0.359459276
25,5,0.164205879,0.042871362,0.696568074,0.342161573,0.104589223
25,6,0.7074416,0.277672777,0.927866357,0.329156537,0.991592325
25,7,0.217361549,0.289609224,0.045542459,0.285925993,0.577277986
25,8,0.436674405,0.254705718,0.163420983,0.6987386,0.591596051
25,9,0.17062624,0.429163068,0.459712398,0.16865994,0.721860026
25,10,0.882404132,0.51378266,0.820902433,0.612913874,0.536750675
26,1,0.740073089,0.95222301,0.151052822,0.61904428,0.390721193
26,2,0.03792883,0.159993205,0.966518963,0.112386496,0.970530557
26,3,0.713659485,0.354843617,0.180242558,0.646827972,0.227646916
26,4,0.686454676,0.818404733,0.147391911,0.589842385,0.38791568
26,5,0.17726694,0.317451982,0.678126564,0.6664257,0.41920243
26,6,0.484394456,0.559968795,0.135596143,0.533421891,0.765249835
26,7,0.190229341,0.416177843,0.618058408,0.185427288,0.659910677
26,8,0.999016301,0.660431259,0.409216725,0.248282926,0.574218195
26,9,0.860600916,0.766131058,0.917534934,0.04627807,0.740980814
26,10,0.798166206,0.602230191,0.57017837,0.440282028,0.309053818
27,1,0.52373896,0.321303411,0.096651155,0.370324838,0.624938291
27,2,0.949433403,0.323879091,0.305663965,0.354053774,0.738970888
27,3,0.733134941,0.512082936,0.029430288,0.897594681,0.593988362
27,4,0.657285962,0.525857273,0.96392285,0.124548174,0.380991239
27,5,0.208949219,0.674528376,0.289102187,0.133085178,0.022574194
27,6,0.445655477,0.913193558,0.014406804,0.023377269,0.1344807
27,7,0.165287459,0.584409837,0.322521914,0.71428894,0.318364212
27,8,0.404174326,0.188568916,0.729363695,0.714575735,0.296816698
27,9,0.004607219,0.062649052,0.76409116,0.850554846,0.51463224
27,10,0.853693189,0.491981596,0.753641075,0.001347934,0.055931462
28,1,0.80466791,0.128214491,0.480987552,0.440774554,0.117843586
28,2,0.875684022,0.585166162,0.309903901,0.241595422,0.288787273
28,3,0.958416597,0.538843987,0.654779671,0.772352459,0.000941307
28,4,0.837838009,0.044065897,0.486089068,0.345226031,0.42161717
28,5,0.656994011,0.387923739,0.837225287,0.613618021,0.423013121
28,6,0.027499149,0.89906466,0.056799096,0.560179841,0.548924959
28,7,0.782431498,0.177394205,0.796524244,0.444330751,0.125335669
28,8,0.05576766,0.969784044,0.851441262,0.036306451,0.574299801
28,9,0.748578117,0.914308975,0.673878323,0.408189039,0.649446962
28,10,0.105143283,0.134392958,0.846347409,0.263653135,0.59917004
29,1,0.413574783,0.861273156,0.640641455,0.762553788,0.605239193
29,2,0.332425691,0.550142125,0.84245231,0.612854181,0.519924457
29,3,0.959643337,0.700307622,0.030746487,0.509183479,0.931641614
29,4,0.432126746,0.370373705,0.351807532,0.3783581,0.461966358
29,5,0.258341526,0.814827543,0.626395352,0.863064361,0.084387732
29,6,0.061893407,0.802503873,0.126081149,0.202307167,0.147559104
29,7,0.517175826,0.476652382,0.929691632,0.847490304,0.158653336
29,8,0.628133648,0.258410438,0.308018211,0.441883598,0.365749636
29,9,0.422844827,0.022526606,0.40147857,0.80374962,0.325321764
29,10,0.479486241,0.11978875,0.296849272,0.36163993,0.67417086
30,1,0.494817723,0.129049912,0.249225712,0.502628683,0.175242834
30,2,0.281468017,0.864396202,0.505124915,0.256248569,0.963677026
30,3,0.109750214,0.132690842,0.912098821,0.578906959,0.132829314
30,4,0.354367726,0.770102139,0.664905281,0.505080583,0.04735638
30,5,0.621205395,0.667730724,0.280536111,0.171091329,0.650996969
30,6,0.160210468,0.175162609,0.17138877,0.833778814,0.380364534
30,7,0.819795661,0.609994511,0.564905266,0.822752177,0.92310618
30,8,0.842115519,0.611789346,0.384996872,0.47015737,0.085901605
30,9,0.896605388,0.444601167,0.338389661,0.909764161,0.418008583
30,10,0.667407791,0.413768844,0.589938331,0.123552301,0.875431506
31,1,0.849653423,0.551238376,0.625884747,0.212072767,0.029929901
31,2,0.015009508,0.168128021,0.794630251,0.65874833,0.745664457
31,3,0.699674281,0.206797783,0.118428227,0.482793866,0.097368598
31,4,0.891885368,0.535770075,0.965723041,0.104896336,0.759905801
31,5,0.383326667,0.221681969,0.89954248,0.577809252,0.479567461
31,6,0.184572935,0.926566277,0.97781073,0.533436638,0.733254656
31,7,0.347920943,0.222775677,0.221167511,0.575322472,0.65012995
31,8,0.174467441,0.351522008,0.503964055,0.386797497,0.608207289
31,9,0.42628692,0.554170786,0.370952059,0.177582761,0.435147807
31,10,0.717661933,0.393347383,0.836850145,0.241300076,0.453907409
32,1,0.501580054,0.817045032,0.320561651,0.218644364,0.00820096
32,2,0.927886185,0.745286675,0.076636269,0.721788051,0.758041627
32,3,0.777061029,0.865118716,0.143394654,0.755458638,0.574036313
32,4,0.084664221,0.774096752,0.147580555,0.185846306,0.240034997
32,5,0.776175637,0.114432664,0.730442238,0.455042038,0.14024349
32,6,0.100147522,0.252641353,0.495934472,0.975443664,0.890567184
32,7,0.414930243,0.786712262,0.24080026,0.694640139,0.288670731
32,8,0.457457065,0.494701336,0.425747245,0.542638612,0.379356603
32,9,0.568113431,0.783456758,0.364030663,0.77179089,0.047787027
32,10,0.029356697,0.562335925,0.67147269,0.80114333,0.252376
33,1,0.874879531,0.244560443,0.405722812,0.547611926,0.863607701
33,2,0.024768084,0.361788696,0.620687972,0.924091606,0.872600802
33,3,0.567822994,0.021502679,0.290485768,0.62944046,0.93818629
33,4,0.21437224,0.637103454,0.25757698,0.365744584,0.192383956
33,5,0.487147493,0.779207613,0.223944565,0.941528442,0.79286961
33,6,0.801167929,0.84948628,0.225362275,0.717713321,0.339847847
33,7,0.067011791,0.309589476,0.84731018,0.505542176,0.52070939
33,8,0.868827843,0.219921718,0.269781479,0.464165705,0.514702918
33,9,0.200085512,0.709360556,0.94237431,0.188501277,0.862697128
33,10,0.500188744,0.611475604,0.543572886,0.454499,0.870784823
34,1,0.087724871,0.794118014,0.723655146,0.079458196,0.504655057
34,2,0.450167333,0.491901184,0.612475601,0.6524314,0.392228571
34,3,0.872100989,0.153221306,0.593244871,0.391473846,0.954722243
34,4,0.858939986,0.129194449,0.015993658,0.802842256,0.055353221
34,5,0.631633117,0.859827313,0.769611272,0.235500047,0.650333599
34,6,0.574947243,0.606810207,0.292106141,0.402981918,0.368201517
34,7,0.471651013,0.562077034,0.140695372,0.944667559,0.679708726
34,8,0.454732094,0.304036251,0.611500665,0.677989508,0.064988634
34,9,0.261361905,0.877034784,0.024851981,0.366261289,0.210017547
34,10,0.969782274,0.498335997,0.826922257,0.504342375,0.456312508
35,1,0.84267914,0.088779358,0.725309095,0.338056026,0.123656653
35,2,0.762399577,0.898613514,0.663533872,0.170730803,0.187254141
35,3,0.911326174,0.475847273,0.159267767,0.463565282,0.977610541
35,4,0.465323023,0.861165045,0.972997165,0.789515183,0.564028663
35,5,0.794781523,0.114989062,0.681563956,0.88657884,0.141742748
35,6,0.463227691,0.091398897,0.523772006,0.418648017,0.447928422
35,7,0.463788801,0.751018625,0.273128458,0.510324642,0.963782568
35,8,0.004453325,0.926297122,0.864240521,0.641698941,0.824170378
35,9,0.132533938,0.252278219,0.429315437,0.616502855,0.317091811
35,10,0.506442038,0.825226812,0.320690884,0.36821625,0.645675375
36,1,0.6900554,0.999609438,0.238311511,0.663284656,0.125837259
36,2,0.289051604,0.248479307,0.23526692,0.901253247,0.991082303
36,3,0.926848038,0.10498772,0.488983671,0.977919875,0.187530664
36,4,0.582994819,0.650895013,0.903529189,0.439590977,0.815744481
36,5,0.021095016,0.892910162,0.776173848,0.843854058,0.512816434
36,6,0.371845174,0.31752788,0.967692144,0.541792904,0.438352509
36,7,0.617962723,0.263190537,0.225266474,0.422001821,0.333080915
36,8,0.959532946,0.182940034,0.480287481,0.677935343,0.166614158
36,9,0.708234097,0.10816859,0.309893021,0.798246162,0.653414972
36,10,0.599246306,0.235372883,0.194466314,0.730713207,0.329103279
37,1,0.434482598,0.537855749,0.917063285,0.096548199,0.162479433
37,2,0.850562272,0.809352775,0.178451069,0.587352552,0.787085892
37,3,0.800824486,0.827875473,0.106562936,0.656638964,0.31711414
37,4,0.056275272,0.216135945,0.781009998,0.686262288,0.192095791
37,5,0.627033046,0.765771635,0.443697066,0.728778934,0.783221292
37,6,0.871547705,0.958017284,0.855793062,0.820154218,0.022009088
37,7,0.753363246,0.174116757,0.519762429,0.065590814,0.782062973
37,8,0.563745392,0.063471325,0.220649142,0.213574869,0.952790897
37,9,0.962321232,0.89619179,0.990294817,0.012718124,0.620554356
37,10,0.973921826,0.712621364,0.512504296,0.107543738,0.146726851
38,1,0.751807684,0.730177218,0.548054518,0.338349536,0.936962924
38,2,0.172489695,0.455932636,0.210205177,0.333380571,0.642106092
38,3,0.450010011,0.849316343,0.482896555,0.598866292,0.864625489
38,4,0.464115273,0.208684643,0.905565378,0.507582353,0.006268981
38,5,0.187799679,0.630605539,0.866701032,0.888844544,0.467214255
38,6,0.321860286,0.818212032,0.782857542,0.464943999,0.513660393
38,7,0.239195517,0.946484589,0.279128911,0.41658119,0.56482193
38,8,0.175448787,0.690433342,0.846456093,0.826873948,0.703365487
38,9,0.800373211,0.921119344,0.776773863,0.976624621,0.859103093
38,10,0.640573318,0.77887621,0.755530951,0.463386656,0.998671912
39,1,0.496529046,0.555110684,0.023870787,0.364310249,0.043396649
39,2,0.68824173,0.179214122,0.987125173,0.32488508,0.937334901
39,3,0.553221175,0.858697306,0.281751466,0.010442948,0.316960151
39,4,0.126516009,0.092860397,0.275209866,0.468113288,0.667712218
39,5,0.720723441,0.818186071,0.459114913,0.037054647,0.960139136
39,6,0.674713388,0.343469645,0.101247567,0.708918485,0.941089439
39,7,0.41639841,0.07564588,0.0533587,0.154319628,0.861931839
39,8,0.714260287,0.148954595,0.521281477,0.830159622,0.01960084
39,9,0.983386731,0.327409451,0.600754852,0.330140459,0.432551299
39,10,0.086302569,0.557609007,0.990187021,0.052289756,0.181816629
40,1,0.49397974,0.76937761,0.250042974,0.629656979,0.846197365
40,2,0.057144062,0.62521499,0.45712143,0.555873727,0.189242405
40,3,0.274211917,0.160193243,0.896121899,0.762998125,0.356312592
40,4,0.500932592,0.248101061,0.117714044,0.312229823,0.56703691
40,5,0.482559518,0.701955801,0.333497218,0.483034452,0.420766365
40,6,0.565531309,0.650138425,0.927559778,0.073857159,0.853489593
40,7,0.293177125,0.312644121,0.353639091,0.840353753,0.017597221
40,8,0.008827548,0.118519268,0.666974282,0.306215793,0.266055112
40,9,0.206657466,0.399283056,0.242160926,0.534600627,0.962797267
40,10,0.707661591,0.630324074,0.703971938,0.858186874,0.340076288
41,1,0.864030191,0.149782276,0.79320521,0.392328811,0.986583962
41,2,0.749848054,0.553368422,0.867195224,0.170725878,0.673650806
41,3,0.286428364,0.340868898,0.953784559,0.895640173,0.497322209
41,4,0.399507092,0.721531691,0.488697511,0.692042241,0.700036254
41,5,0.02072883,0.792804806,0.261957245,0.097567159,0.507004397
41,6,0.995675322,0.779693196,0.133310976,0.027540052,0.118610033
41,7,0.450027274,0.577639894,0.081502386,0.261469901,0.020697107
41,8,0.621028779,0.941540013,0.704534238,0.843604116,0.297406843
41,9,0.553641777,0.18556892,0.104314537,0.97343472,0.191587616
41,10,0.290401465,0.731919732,0.369905353,0.017733716,0.980028833
42,1,0.571678244,0.661663602,0.41961582,0.628790229,0.34230559
42,2,0.718755375,0.538384087,0.716417123,0.321286794,0.260324453
42,3,0.994770689,0.815397865,0.772093974,0.816575492,0.754011748
42,4,0.957294483,0.230926642,0.367207901,0.584042487,0.118774114
42,5,0.96511245,0.350710079,0.530729101,0.133238414,0.943737572
42,6,0.893455131,0.92296412,0.077186564,0.059480728,0.627463794
42,7,0.908615075,0.928715927,0.141497233,0.59229949,0.676633146
42,8,0.519385701,0.505545883,0.242912014,0.040087083,0.000802441
42,9,0.025793337,0.430388834,0.663832576,0.648967087,0.763818531
42,10,0.56069945,0.354877085,0.257755046,0.253329877,0.708381932
43,1,0.556607646,0.51411636,0.845039654,0.887262242,0.741208746
43,2,0.575774955,0.046261868,0.207875966,0.533061519,0.911566529
43,3,0.050974204,0.784775292,0.450712273,0.751969139,0.756572915
43,4,0.929661948,0.670657144,0.684463362,0.252779377,0.486565818
43,5,0.174312328,0.479956235,0.793239631,0.583673776,0.774660513
43,6,0.970025656,0.571321006,0.776411552,0.608978033,0.530638417
43,7,0.204533465,0.324774768,0.695014382,0.443886928,0.621898974
43,8,0.693326225,0.787470469,0.216113263,0.073832183,0.804057617
43,9,0.858080347,0.717088044,0.726381438,0.87153286,0.584360715
43,10,0.566278921,0.650158196,0.678271123,0.240029688,0.405232576
44,1,0.569624264,0.032107116,0.999608973,0.919156413,0.027682978
44,2,0.117772154,0.557978673,0.526514643,0.647487978,0.41372936
44,3,0.328325341,0.357986957,0.40002218,0.113741743,0.67998987
44,4,0.038514098,0.94668938,0.920938354,0.106662755,0.166974502
44,5,0.908021151,0.173831525,0.836635315,0.54255315,0.410716368
44,6,0.106722338,0.283824009,0.243709549,0.952323044,0.930718249
44,7,0.022150933,0.76806283,0.780029641,0.751505991,0.625638819
44,8,0.772765669,0.810729814,0.591680664,0.059483714,0.678519692
44,9,0.935218383,0.217010555,0.838089501,0.253032506,0.764173615
44,10,0.856111399,0.799223273,0.417486946,0.239482407,0.771361061
45,1,0.688682465,0.091829046,0.14896965,0.934351149,0.100882862
45,2,0.06502814,0.653268131,0.615071624,0.590549436,0.575639881
45,3,0.978531563,0.005424182,0.303388362,0.255279509,0.418285849
45,4,0.346622868,0.346895774,0.741611943,0.679985406,0.916124202
45,5,0.623927683,0.387185164,0.838150863,0.789062845,0.40490001
45,6,0.475919809,0.53216379,0.254542972,0.061360985,0.266023992
45,7,0.196174738,0.925923006,0.798162686,0.431655117,0.902327713
45,8,0.898032745,0.955163583,0.528916113,0.33508975,0.445279903
45,9,0.159904317,0.940876328,0.153031745,0.824104593,0.356608516
45,10,0.490517344,0.822047303,0.805668452,0.174429861,0.305425571
46,1,0.843452659,0.673555588,0.205307028,0.361726722,0.964394934
46,2,0.233257456,0.695200165,0.748704923,0.816650313,0.86390245
46,3,0.709572642,0.339247958,0.908021259,0.667958403,0.354648469
46,4,0.02559903,0.251080643,0.314078872,0.241496946,0.036024739
46,5,0.606159064,0.30503795,0.285432362,0.713921831,0.145431308
46,6,0.258769427,0.519445819,0.737470747,0.593899743,0.835254225
46,7,0.190341246,0.130585673,0.035890946,0.664642772,0.022895998
46,8,0.519898809,0.397922202,0.26971068,0.316306178,0.168756857
46,9,0.874283634,0.337354311,0.357222341,0.159621423,0.353252335
46,10,0.060078883,0.220646715,0.551664705,0.529146239,0.892864364
47,1,0.674536611,0.9391754,0.630958183,0.628096386,0.20147029
47,2,0.637314626,0.93975908,0.142182277,0.301463285,0.622624861
47,3,0.299321678,0.390790245,0.800381378,0.00759696,0.037911247
47,4,0.191230125,0.371870351,0.096737165,0.143166177,0.306662104
47,5,0.437272195,0.16321634,0.931260343,0.906630804,0.158612849
47,6,0.492535293,0.715550074,0.487100705,0.108205702,0.949854053
47,7,0.610809778,0.344670675,0.937700532,0.193313482,0.891779287
47,8,0.801568318,0.540863677,0.612161849,0.401870844,0.878574431
47,9,0.476715714,0.483331705,0.59859254,0.461614767,0.645941015
47,10,0.301075441,0.441934923,0.284868672,0.489797068,0.376425439
48,1,0.260941008,0.070133575,0.319395931,0.193467739,0.21727975
48,2,0.9804662,0.222827578,0.666925495,0.556895193,0.415260827
48,3,0.552777902,0.719473499,0.18148718,0.792309524,0.043015692
48,4,0.508432188,0.695824769,0.14357889,0.802489517,0.429572949
48,5,0.78992659,0.439874126,0.814998301,0.400746218,0.245732204
48,6,0.38749907,0.061453819,0.348884043,0.285173116,0.849843645
48,7,0.806736876,0.440873481,0.500756636,0.83742341,0.925354379
48,8,0.726811827,0.396879832,0.717469383,0.837750392,0.736816916
48,9,0.386045949,0.40033788,0.419280581,0.426031604,0.215058103
48,10,0.292664337,0.917879138,0.939567605,0.772308643,0.216000319
49,1,0.589431824,0.971588355,0.367505987,0.117507397,0.371913893
49,2,0.546933788,0.176118079,0.377022976,0.208800992,0.386737013
49,3,0.41326718,0.994216388,0.436574141,0.116003703,0.507600169
49,4,0.669078711,0.97419499,0.648435425,0.518977161,0.888955225
49,5,0.901073799,0.279840435,0.124470324,0.69012684,0.762293259
49,6,0.131451007,0.998869596,0.438107203,0.643465118,0.506665576
49,7,0.160531686,0.28388992,0.87724484,0.289954384,0.778815257
49,8,0.609695917,0.456856775,0.43594786,0.648135045,0.686300581
49,9,0.889061286,0.626989166,0.028812548,0.867078945,0.047953004
49,10,0.213252128,0.987867012,0.502041141,0.102581478,0.339237045
50,1,0.469224621,0.144973913,0.03875214,0.830724026,0.163528856
50,2,0.39083506,0.147345025,0.734762184,0.695712927,0.731035998
50,3,0.05355983,0.617554083,0.648668508,0.981334535,0.72162397
50,4,0.342623711,0.626799217,0.199929012,0.440987432,0.235933638
50,5,0.647369883,0.978896894,0.546578906,0.619550264,0.720648099
50,6,0.215455191,0.169101305,0.318025287,0.299424214,0.927177259
50,7,0.637122885,0.791677991,0.334160506,0.997439205,0.306564602
50,8,0.795716735,0.685734189,0.594532741,0.24518953,0.156464081
50,9,0.849319667,0.434542373,0.356538773,0.590055363,0.66379871
50,10,0.595087763,0.098126133,0.30465549,0.88276384,0.157657852
51,1,0.609503465,0.288632171,0.772579381,0.890624937,0.462650926
51,2,0.93614587,0.021417072,0.251065562,0.724304585,0.094941025
51,3,0.095754251,0.800358928,0.931998075,0.765524895,0.373890723
51,4,0.467652502,0.93621504,0.57682053,0.457960412,0.271219047
51,5,0.212193547,0.81755916,0.891521914,0.672943763,0.268352487
51,6,0.626902165,0.150280019,0.902670431,0.83230468,0.236527622
51,7,0.089882093,0.864194812,0.309034182,0.756816689,0.562750863
51,8,0.407235392,0.876852742,0.876892765,0.176118759,0.398991507
51,9,0.681462765,0.031592605,0.302248972,0.598584402,0.30767424
51,10,0.591970607,0.070909083,0.384206005,0.284900426,0.611505947
52,1,0.509388758,0.318440275,0.501603936,0.385925402,0.393357045
52,2,0.368000156,0.2242085,0.489046818,0.722898789,0.076430597
52,3,0.68523762,0.409039167,0.90593781,0.514091824,0.297923402
52,4,0.080636615,0.454393843,0.996337516,0.647931163,0.845436211
52,5,0.471522673,0.247160659,0.168164627,0.263396119,0.072366157
52,6,0.506361599,0.784792346,0.913722608,0.148747635,0.968648055
52,7,0.852207946,0.703246975,0.596249135,0.737021399,0.879330749
52,8,0.478860962,0.829650047,0.62267344,0.513896545,0.401355138
52,9,0.863274836,0.453536054,0.648748106,0.776786426,0.806603136
52,10,0.78206752,0.715436318,0.324503488,0.937185024,0.889738883
53,1,0.790785237,0.385133553,0.18464161,0.348255508,0.331125931
53,2,0.949265123,0.423104077,0.463211584,0.931533339,0.464097001
53,3,0.77445097,0.626282096,0.501243976,0.180492828,0.408663414
53,4,0.444867516,0.288914623,0.411240622,0.665057761,0.522269264
53,5,0.305577567,0.120943981,0.507293359,0.438628242,0.374857997
53,6,0.463033294,0.893651796,0.0852204,0.906259882,0.681146349
53,7,0.178958901,0.939488754,0.604797076,0.934936959,0.096248881
53,8,0.763078421,0.7541936,0.491408021,0.085720329,0.255329796
53,9,0.667179781,0.788825896,0.631052836,0.871287478,0.724103212
53,10,0.476534558,0.373419761,0.863093026,0.451123736,0.576311158
54,1,0.484889201,0.348102647,0.006100061,0.900778926,0.432636289
54,2,0.896641644,0.105674169,0.63037664,0.428445311,0.219317934
54,3,0.319991678,0.474448602,0.518426284,0.339354536,0.359088684
54,4,0.630629311,0.962023952,0.303966901,0.816117733,0.530756177
54,5,0.791768141,0.308032711,0.147968146,0.431907543,0.914739535
54,6,0.877101951,0.662991758,0.684817589,0.125711444,0.749305485
54,7,0.944372209,0.730008889,0.23571157,0.657133014,0.212201542
54,8,0.136160753,0.63520853,0.968230544,0.769078964,0.848127065
54,9,0.088172339,0.161938411,0.653459801,0.158491319,0.332266769
54,10,0.658625799,0.912594515,0.566236454,0.240417053,0.036283343
55,1,0.899382984,0.998240843,0.458294841,0.799163783,0.735382688
55,2,0.550273099,0.763376353,0.938084221,0.673744226,0.770527225
55,3,0.3045484,0.546728856,0.353217814,0.110617054,0.874540896
55,4,0.278976109,0.744051656,0.894544447,0.370060865,0.477152099
55,5,0.062862956,0.885048875,0.468299123,0.144623319,0.39025443
55,6,0.432747111,0.299022134,0.277579475,0.852365154,0.763458392
55,7,0.778488,0.277227928,0.507455701,0.545448435,0.64793724
55,8,0.074047195,0.602177252,0.23058805,0.908389799,0.919893551
55,9,0.925901911,0.234472699,0.582579442,0.164381761,0.819061593
55,10,0.111871591,0.757286332,0.248038759,0.460803048,0.132411243
56,1,0.055293542,0.548366323,0.531146318,0.429722241,0.499000796
56,2,0.228256785,0.855812016,0.09553384,0.418646011,0.597355142
56,3,0.053443107,0.307329315,0.04898488,0.852959079,0.287589166
56,4,0.12847605,0.465963086,0.973572256,0.71957363,0.350855022
56,5,0.59884753,0.267398096,0.555522082,0.64952975,0.988168144
56,6,0.858605791,0.222416909,0.688948834,0.54280641,0.497326821
56,7,0.976020186,0.198055899,0.799400092,0.625870424,0.284954783
56,8,0.096003446,0.707989861,0.848091977,0.604221252,0.379490942
56,9,0.77380419,0.906970866,0.856167911,0.43429117,0.184515112
56,10,0.116525212,0.741719557,0.24081488,0.419224815,0.841121037
57,1,0.600438272,0.03659297,0.021577635,0.574953016,0.562603089
57,2,0.870238102,0.773512451,0.618079102,0.981185609,0.312605576
57,3,0.872917534,0.935778724,0.125307377,0.75812845,0.629780709
57,4,0.315717554,0.118697149,0.090820023,0.751124033,0.57325823
57,5,0.933095685,0.522149454,0.796649325,0.311610864,0.693890031
57,6,0.063473006,0.774939442,0.307018868,0.002049218,0.888344405
57,7,0.172883981,0.105632678,0.738532513,0.28769147,0.670962913
57,8,0.212012637,0.605461612,0.516188974,0.674267561,0.409589791
57,9,0.151429703,0.302317657,0.138990961,0.619624847,0.092121304
57,10,0.297180296,0.652642486,0.984577351,0.940482255,0.412574942
58,1,0.831846013,0.988954732,0.796030974,0.199273216,0.451853819
58,2,0.934493242,0.952081019,0.613253742,0.534511595,0.434516236
58,3,0.154451347,0.038846139,0.005471385,0.533268552,0.710547136
58,4,0.263356339,0.869051901,0.86605846,0.77085098,0.620898583
58,5,0.806322594,0.349206719,0.208217668,0.06425574,0.285072509
58,6,0.68762766,0.897509786,0.919146291,0.929213307,0.605400443
58,7,0.588670782,0.67006753,0.717480891,0.740503126,0.039268498
58,8,0.409233875,0.894369253,0.896092033,0.035593207,0.73178795
58,9,0.280263477,0.964057286,0.521762993,0.001164622,0.299608294
58,10,0.080361741,0.742058893,0.243741429,0.641899019,0.784501159
59,1,0.891176359,0.89670344,0.616157474,0.042003559,0.915666593
59,2,0.670992777,0.316885318,0.058296925,0.960456619,0.136623834
59,3,0.405606734,0.212803911,0.636045577,0.752367152,0.608143446
59,4,0.157495839,0.525649689,0.836880208,0.43968218,0.305079331
59,5,0.580965316,0.122804516,0.915084025,0.715374616,0.569636097
59,6,0.007880536,0.985375909,0.09979997,0.029379686,0.187397946
59,7,0.776879436,0.774700896,0.93616087,0.938865462,0.944232998
59,8,0.835686599,0.391146307,0.988913229,0.475067417,0.814251585
59,9,0.744209585,0.192834833,0.036873513,0.090032356,0.65373427
59,10,0.319272501,0.368211428,0.727913102,0.419413811,0.515001549
60,1,0.66400344,0.148757543,0.479368648,0.802411078,0.335308404
60,2,0.428242835,0.465737721,0.780958655,0.6529923,0.391998003
60,3,0.507822714,0.341976646,0.275810607,0.350328834,0.087825125
60,4,0.473873894,0.922295886,0.519722589,0.140720051,0.828164829
60,5,0.463511168,0.46549368,0.98095483,0.09318715,0.084181329
60,6,0.600997147,0.432792616,0.992996485,0.072085068,0.653910366
60,7,0.516369183,0.40607587,0.258169016,0.163107445,0.938251565
60,8,0.918249279,0.246562582,0.561070465,0.356203083,0.328519286
60,9,0.594369649,0.162203047,0.817253536,0.920941826,0.461561968
60,10,0.95871577,0.804266754,0.200480941,0.279093452,0.428565263
61,1,0.402854798,0.014346569,0.663138899,0.372556028,0.334912189
61,2,0.479446247,0.479876911,0.680361643,0.868614744,0.934597987
61,3,0.72625803,0.034243128,0.771412969,0.174303992,0.893168659
61,4,0.073570911,0.304797285,0.345556641,0.055366001,0.430583061
61,5,0.494397854,0.221479316,0.189403044,0.281490371,0.072896711
61,6,0.464465895,0.189320405,0.558515952,0.65396513,0.918465482
61,7,0.656901382,0.193902187,0.80660141,0.136423472,0.437693625
61,8,0.728559961,0.023302406,0.875864267,0.38354753,0.584260828
61,9,0.723652491,0.10041736,0.12731262,0.069883186,0.318966981
61,10,0.541543476,0.43512658,0.462432695,0.173053095,0.535127516
62,1,0.169939275,0.404499153,0.970865208,0.014205863,0.324155968
62,2,0.2014913,0.635372943,0.802862153,0.989877968,0.800211113
62,3,0.627788774,0.081953743,0.340486243,0.511102963,0.263285161
62,4,0.767897167,0.571833156,0.49286764,0.204059372,0.169243931
62,5,0.894847271,0.854375172,0.930765479,0.400628041,0.772310576
62,6,0.015567994,0.795713956,0.277800248,0.201240246,0.343993925
62,7,0.199807002,0.414769981,0.978465314,0.152506478,0.066001292
62,8,0.292477581,0.757002792,0.444677154,0.944179964,0.034968643
62,9,0.064029834,0.319460635,0.667785387,0.057462536,0.287828842
62,10,0.003997115,0.568682542,0.47370608,0.969246849,0.012727244
63,1,0.430325966,0.818001422,0.246772405,0.901998268,0.066357139
63,2,0.077321959,0.208747301,0.456308118,0.25810805,0.619670582
63,3,0.79126628,0.537436041,0.795661334,0.650926758,0.629367075
63,4,0.216051893,0.484091418,0.560699784,0.316283667,0.162361029
63,5,0.146551872,0.832920183,0.952917336,0.276472684,0.869168065
63,6,0.982950328,0.83667428,0.200913973,0.679988628,0.755114212
63,7,0.525838388,0.249528857,0.683871989,0.51437308,0.222163325
63,8,0.039166907,0.744629966,0.95794574,0.992313032,0.276251819
63,9,0.297348869,0.725017568,0.249045718,0.86129256,0.660967902
63,10,0.667499393,0.100502773,0.066247472,0.476132001,0.699443571
64,1,0.648179199,0.97466895,0.432678662,0.692477465,0.40565098
64,2,0.898978455,0.534100272,0.509483663,0.009802495,0.790018386
64,3,0.987766173,0.89384447,0.283669961,0.52062967,0.27924964
64,4,0.041295232,0.453440991,0.994559467,0.670968042,0.07266509
64,5,0.446667884,0.307383236,0.987296418,0.068382593,0.448552962
64,6,0.628774263,0.631757401,0.51772379,0.275543385,0.858298972
64,7,0.964206125,0.324964651,0.016307443,0.545909102,0.883826658
64,8,0.995405361,0.730455491,0.093305437,0.954926157,0.211275822
64,9,0.248865577,0.323634109,0.995384923,0.881443703,0.746191177
64,10,0.605599779,0.227961964,0.164155055,0.993152519,0.299658678
65,1,0.562715963,0.344714233,0.386481412,0.422784497,0.686971686
65,2,0.302718086,0.260818393,0.955150303,0.281091877,0.255677457
65,3,0.568276496,0.817899543,0.642270894,0.274998196,0.576304265
65,4,0.305351909,0.176177966,0.67023305,0.643559977,0.896420794
65,5,0.830863139,0.101776424,0.269839099,0.752585584,0.988716852
65,6,0.484942148,0.828853572,0.407654802,0.415767346,0.351630818
65,7,0.838288709,0.508952726,0.605515416,0.955468199,0.926138868
65,8,0.228084733,0.130879255,0.929072533,0.783251968,0.738378623
65,9,0.424738319,0.293979442,0.325535562,0.770528761,0.126742086
65,10,0.529591344,0.24101767,0.042145472,0.794159969,0.389498136
66,1,0.485238953,0.187189336,0.454437823,0.626214762,0.90785612
66,2,0.950378814,0.646388526,0.804579629,0.91381979,0.32122825
66,3,0.302340633,0.597745858,0.541320743,0.628938667,0.483316945
66,4,0.109965909,0.68900208,0.624481809,0.073591121,0.962770277
66,5,0.203677893,0.226192254,0.635673011,0.682743632,0.619916582
66,6,0.103061555,0.543291655,0.340227308,0.927472436,0.892873656
66,7,0.276373468,0.228229075,0.606780985,0.927586977,0.510445069
66,8,0.491440957,0.437532939,0.51768452,0.24246313,0.699794289
66,9,0.442872367,0.965409719,0.657881995,0.359508899,0.200777838
66,10,0.982070089,0.911832406,0.124731783,0.245896177,0.392236125
67,1,0.290423861,0.053517932,0.651938038,0.710300997,0.345357044
67,2,0.107393211,0.358578882,0.985097815,0.528631384,0.913574987
67,3,0.035084202,0.444472516,0.345070984,0.698496022,0.842192632
67,4,0.401600584,0.785728574,0.191183546,0.54191249,0.716224582
67,5,0.354262971,0.384937131,0.664108597,0.674568902,0.196352791
67,6,0.150351322,0.93454517,0.52700268,0.090195811,0.036118553
67,7,0.906051326,0.946785559,0.839522861,0.488470642,0.490080927
67,8,0.315531103,0.57628482,0.286241813,0.497106144,0.560548919
67,9,0.859962573,0.913983871,0.891645971,0.352490577,0.548010735
67,10,0.614427127,0.226966594,0.003404762,0.611590102,0.93118931
68,1,0.509070186,0.238306251,0.080588827,0.913798618,0.629839329
68,2,0.296452078,0.765792962,0.043397177,0.562875991,0.642816914
68,3,0.037051086,0.949488891,0.878943142,0.327746256,0.123561449
68,4,0.713449451,0.820241722,0.435177039,0.16765992,0.931350778
68,5,0.691908072,0.18901722,0.702295805,0.471582355,0.368153234
68,6,0.521166774,0.035422063,0.032431555,0.550252124,0.025098708
68,7,0.345601379,0.520320568,0.499872091,0.724844139,0.968649017
68,8,0.850764773,0.973702233,0.701609158,0.515708717,0.210159203
68,9,0.764107432,0.173988008,0.906651967,0.286828408,0.88240955
68,10,0.148990203,0.290327434,0.910803291,0.864612513,0.879622226
69,1,0.458719647,0.905235695,0.007984637,0.881875616,0.197580544
69,2,0.111048995,0.952419505,0.710351304,0.694637135,0.698963465
69,3,0.152857142,0.53993278,0.579295606,0.612152666,0.961040561
69,4,0.828637711,0.178519584,0.322207597,0.796250088,0.508304449
69,5,0.94206871,0.199187248,0.53758737,0.169628024,0.144256053
69,6,0.34203025,0.141940028,0.245064494,0.643607125,0.872297403
69,7,0.40200919,0.232693395,0.834408356,0.186716977,0.790036318
69,8,0.930783602,0.524658611,0.753806861,0.901282367,0.389170682
69,9,0.538487423,0.156318837,0.592146794,0.525947062,0.187687261
69,10,0.288497308,0.103069858,0.477081855,0.432876918,0.077399933
70,1,0.258757223,0.009173536,0.636480307,0.750420459,0.597772808
70,2,0.491482779,0.343891326,0.177790086,0.164479245,0.620227924
70,3,0.841710184,0.192619615,0.606292177,0.137041177,0.204945634
70,4,0.499114951,0.508184505,0.233509022,0.492409189,0.92483494
70,5,0.335598257,0.941101898,0.739993467,0.469408033,0.482672509
70,6,0.300836497,0.896163521,0.120285695,0.022856952,0.714995633
70,7,0.471939152,0.098758115,0.667677461,0.331695398,0.281443079
70,8,0.593068729,0.336378402,0.583080603,0.251376887,0.43604928
70,9,0.33346538,0.718949193,0.958972483,0.681969719,0.653448614
70,10,0.752997214,0.982999292,0.000315577,0.633993676,0.827614736
71,1,0.582328498,0.611986626,0.312977421,0.64950209,0.615849017
71,2,0.448759002,0.899359201,0.314543656,0.755260411,0.769809705
71,3,0.38362498,0.962704342,0.956875947,0.459904176,0.568886277
71,4,0.272946635,0.507877563,0.822585054,0.926790005,0.42531684
71,5,0.339990756,0.58808838,0.666303775,0.729858516,0.0829804
71,6,0.238650123,0.396711033,0.583318072,0.995133996,0.523997658
71,7,0.304853591,0.541567013,0.969721108,0.882470612,0.840988211
71,8,0.653613922,0.501827128,0.730233219,0.670875458,0.098100434
71,9,0.929343307,0.155315649,0.165247789,0.557044907,0.485709219
71,10,0.036614025,0.924339361,0.564310767,0.349804222,0.65607137
72,1,0.658650586,0.96746859,0.766017693,0.526188152,0.575703496
72,2,0.235555101,0.820659364,0.515142156,0.205243628,0.561094574
72,3,0.463470293,0.395115517,0.00575903,0.176805627,0.193847246
72,4,0.366724344,0.47026474,0.884245679,0.218843612,0.790229853
72,5,0.589504189,0.202882908,0.574168755,0.624625632,0.212242198
72,6,0.893428115,0.943955255,0.999540721,0.232616894,0.954115286
72,7,0.597237568,0.876889497,0.740682228,0.796874718,0.767746729
72,8,0.568801891,0.318440707,0.030729003,0.32817112,0.567618909
72,9,0.853755354,0.377211014,0.756869375,0.286074625,0.558921615
72,10,0.622411534,0.095310514,0.091394022,0.830711789,0.142318349
73,1,0.305883515,0.412822298,0.84709277,0.18182602,0.130268948
73,2,0.26112829,0.379341156,0.570912926,0.844661333,0.686429705
73,3,0.790821083,0.350509893,0.404873215,0.819939869,0.948179363
73,4,0.878577284,0.661341358,0.845396722,0.679183132,0.031501427
73,5,0.137800194,0.251526097,0.544221296,0.539875728,0.17867875
73,6,0.331874312,0.01920745,0.044060939,0.17549528,0.07461496
73,7,0.900168779,0.099559961,0.702857034,0.676312334,0.103521122
73,8,0.013068692,0.549834818,0.685244796,0.472500825,0.720040448
73,9,0.785985956,0.86545804,0.996354196,0.80915593,0.265454476
73,10,0.825834664,0.862994284,0.067102201,0.159178252,0.690752167
74,1,0.663647914,0.807882755,0.57745243,0.549043471,0.198958711
74,2,0.478160093,0.538519405,0.68323004,0.930639428,0.67876581
74,3,0.535370543,0.977539494,0.640481361,0.511510942,0.559382855
74,4,0.280204695,0.047722196,0.428203275,0.490216477,0.000614855
74,5,0.656384763,0.854207203,0.79605272,0.840598508,0.894146446
74,6,0.737621022,0.417622634,0.18134916,0.793153793,0.204480549
74,7,0.796662182,0.139127841,0.171863916,0.719911852,0.76835333
74,8,0.171409011,0.009241873,0.505636425,0.896499102,0.085833239
74,9,0.995176765,0.093803314,0.527774763,0.564449518,0.228497642
74,10,0.491627616,0.836649559,0.439768531,0.362457968,0.875468788
75,1,0.095859777,0.416453889,0.824300786,0.618646667,0.223554792
75,2,0.068806222,0.161341177,0.458264456,0.521846249,0.490239748
75,3,0.092179474,0.152588848,0.619402964,0.003223754,0.786306703
75,4,0.304225812,0.414576398,0.648341396,0.273448928,0.044646471
75,5,0.148302632,0.135851191,0.666338551,0.463961426,0.477418078
75,6,0.007978978,0.84929528,0.479435384,0.495760407,0.259323844
75,7,0.607743484,0.988379265,0.447770866,0.783746214,0.688893207
75,8,0.961967134,0.649695833,0.788063497,0.84855704,0.562831251
75,9,0.056330431,0.492585249,0.44325983,0.812295104,0.922354195
75,10,0.722774467,0.953530247,0.057004645,0.942709379,0.787567805
76,1,0.597417694,0.058463187,0.329925478,0.043753129,0.836356335
76,2,0.089248637,0.604698313,0.912616146,0.032810033,0.788649254
76,3,0.766836961,0.58739364,0.661505041,0.269498254,0.175379994
76,4,0.214143769,0.834194205,0.264126201,0.904460494,0.135317196
76,5,0.801530443,0.070771746,0.612029086,0.400938811,0.305477711
76,6,0.533585391,0.431833829,0.325119207,0.735666363,0.924831596
76,7,0.833063716,0.979027659,0.206634907,0.828804663,0.71356383
76,8,0.639370698,0.640903266,0.23227618,0.288241023,0.549558131
76,9,0.972136283,0.062283439,0.393931523,0.856192335,0.909385441
76,10,0.682999978,0.373004362,0.644464012,0.135281898,0.723380552
77,1,0.159086798,0.762718819,0.414760624,0.494763773,0.253551014
77,2,0.587020606,0.766843282,0.508019919,0.553778331,0.598162474
77,3,0.638655124,0.730956195,0.786746183,0.615044815,0.934490121
77,4,0.085174402,0.175591881,0.165607651,0.09025522,0.576001067
77,5,0.529879848,0.344525311,0.787449918,0.318993906,0.531452583
77,6,0.151607837,0.278798024,0.944082679,0.986448817,0.2334894
77,7,0.221724049,0.835515767,0.169908179,0.794083876,0.986030898
77,8,0.349665392,0.590743511,0.433821625,0.561641477,0.396885522
77,9,0.821905799,0.96756114,0.506635517,0.311037005,0.202630203
77,10,0.177543605,0.558792869,0.364014098,0.094445793,0.206167095
78,1,0.73348706,0.09127859,0.326577373,0.882743873,0.021124111
78,2,0.676613514,0.571870271,0.288277928,0.55720206,0.283559842
78,3,0.485554129,0.409300298,0.677348821,0.691238368,0.709327571
78,4,0.039228354,0.037858312,0.851597406,0.974695065,0.145458871
78,5,0.272217757,0.432327487,0.085913211,0.735462136,0.634838316
78,6,0.245362304,0.466719038,0.744254891,0.640673388,0.667322629
78,7,0.320676414,0.321122485,0.320024243,0.729980195,0.312093664
78,8,0.578227659,0.922198062,0.432831074,0.924096874,0.094279171
78,9,0.227991404,0.777633961,0.869809806,0.994910487,0.338528653
78,10,0.667973703,0.811588443,0.451520071,0.727080845,0.71051608
79,1,0.260929929,0.589621373,0.489936028,0.009110821,0.191303359
79,2,0.63520229,0.074858743,0.318010172,0.73775742,0.36783347
79,3,0.358986922,0.991481516,0.573330811,0.035296391,0.698177979
79,4,0.138408412,0.845031175,0.811946909,0.406584754,0.977566819
79,5,0.605878684,0.873733943,0.33452588,0.410629412,0.258339764
79,6,0.895875592,0.999342849,0.434047535,0.616097819,0.411760595
79,7,0.168447339,0.764272599,0.294264215,0.693526034,0.746869618
79,8,0.022523851,0.810583809,0.237838945,0.784951205,0.664316245
79,9,0.390091026,0.934426883,0.078254913,0.535198434,0.622773494
79,10,0.527184437,0.295238306,0.235189725,0.314288267,0.052423703
80,1,0.0571205,0.553385982,0.907940914,0.568000436,0.004396187
80,2,0.449652492,0.375308109,0.922022611,0.410969393,0.351024386
80,3,0.58440785,0.89469769,0.775178184,0.92730471,0.000595486
80,4,0.148282391,0.122060206,0.271282842,0.92118798,0.594971402
80,5,0.221755765,0.28305614,0.588883602,0.735661564,0.832095195
80,6,0.32278345,0.838988587,0.573801232,0.317158504,0.099092889
80,7,0.57959964,0.939687947,0.774747539,0.780911654,0.438977825
80,8,0.535337744,0.844841213,0.665399534,0.314593827,0.683767652
80,9,0.124028208,0.158865464,0.167863563,0.737953745,0.286379643
80,10,0.192572455,0.087823449,0.619527835,0.782614646,0.917703941
81,1,0.092445057,0.916359374,0.908157926,0.214392197,0.339442259
81,2,0.352476744,0.586290525,0.499525924,0.887550696,0.774697724
81,3,0.917260233,0.937728035,0.347476382,0.061940028,0.82852625
81,4,0.122499934,0.269577714,0.305494463,0.73115773,0.879056966
81,5,0.344079961,0.429708072,0.099071394,0.627409526,0.603794124
81,6,0.472723224,0.289973585,0.58585467,0.279326761,0.810241826
81,7,0.912708403,0.028608372,0.310749179,0.423749539,0.58985365
81,8,0.540288254,0.16241993,0.169291877,0.122437289,0.757516538
81,9,0.156702447,0.705463043,0.802537207,0.104396021,0.855923793
81,10,0.151828286,0.71155271,0.452464684,0.293314639,0.346216848
82,1,0.784418987,0.738405068,0.784412489,0.203426397,0.117613445
82,2,0.540045447,0.633876311,0.359319304,0.401689728,0.749661687
82,3,0.32343057,0.328519933,0.688219852,0.35156594,0.883808065
82,4,0.999869816,0.278021452,0.040990932,0.390298645,0.87875479
82,5,0.484876371,0.299512753,0.350699732,0.830553425,0.157541739
82,6,0.416459501,0.815516033,0.532977251,0.317425853,0.665709622
82,7,0.093975153,0.723405812,0.002936705,0.492170339,0.596789044
82,8,0.330293513,0.040348685,0.388325824,0.724779953,0.595073326
82,9,0.634585527,0.902149635,0.525389123,0.556986341,0.112477031
82,10,0.735152856,0.227495837,0.415342943,0.220353086,0.243429545
83,1,0.248715298,0.440097168,0.383392324,0.650635233,0.241522336
83,2,0.317337565,0.226828259,0.191885907,0.539728686,0.060590734
83,3,0.299965752,0.638733021,0.972107978,0.664675373,0.95634268
83,4,0.574993862,0.790175685,0.168297875,0.851503351,0.489621829
83,5,0.454551018,0.662169654,0.632466583,0.706362808,0.339049114
83,6,0.043410581,0.360494627,0.479414549,0.554483547,0.702034091
83,7,0.824553814,0.208693358,0.159801711,0.090300978,0.321931318
83,8,0.035857416,0.011014316,0.102074402,0.092151067,0.70664578
83,9,0.464409675,0.797103468,0.839932448,0.577994524,0.436120361
83,10,0.469870326,0.099507225,0.087177377,0.965381623,0.35966496
84,1,0.014113241,0.615983193,0.188826189,0.019685902,0.582253153
84,2,0.91581271,0.461110842,0.188873647,0.610673256,0.945321996
84,3,0.198879946,0.420103553,0.417543767,0.240102975,0.228020736
84,4,0.441587249,0.866020712,0.323045569,0.063462132,0.766261145
84,5,0.678939208,0.442241081,0.427083579,0.174981286,0.175640174
84,6,0.465620712,0.971781365,0.94933159,0.144947573,0.487402904
84,7,0.1756259,0.102755047,0.397144199,0.637000533,0.577153779
84,8,0.235247042,0.895893509,0.444081398,0.089812483,0.865143422
84,9,0.253404328,0.616844916,0.613075388,0.901370524,0.017300804
84,10,0.193790822,0.36673448,0.70430169,0.320257638,0.005666055
85,1,0.228339252,0.503589865,0.348389015,0.675044146,0.091226822
85,2,0.314226323,0.473538281,0.43822496,0.388143543,0.561473815
85,3,0.474377339,0.623123608,0.482235989,0.747360128,0.920976216
85,4,0.692769281,0.967218638,0.500344249,0.11295798,0.947230083
85,5,0.290912356,0.331793348,0.511133862,0.675965395,0.977505691
85,6,0.142959679,0.10034122,0.122061247,0.806465874,0.161320979
85,7,0.673747885,0.555962619,0.536452332,0.487737657,0.735245775
85,8,0.056364201,0.271097595,0.394191802,0.134305748,0.681582954
85,9,0.406605274,0.487548913,0.164869089,0.437235771,0.106190566
85,10,0.119297467,0.289344152,0.382498416,0.709551701,0.671230775
86,1,0.808177224,0.548472696,0.05463224,0.761109385,0.667859997
86,2,0.190613756,0.06173817,0.985932789,0.534862404,0.219096127
86,3,0.923061958,0.597994365,0.273692488,0.339393165,0.378587849
86,4,0.782539626,0.272063131,0.559116759,0.802320063,0.611558475
86,5,0.521381051,0.74244423,0.80130091,0.141396847,0.603815465
86,6,0.857337846,0.002808861,0.012267606,0.600149798,0.063882342
86,7,0.267508984,0.523740747,0.736540217,0.789647393,0.770734771
86,8,0.877543999,0.307744056,0.300517113,0.608263339,0.625033466
86,9,0.31259342,0.153172954,0.368451124,0.245040188,0.578250426
86,10,0.621035288,0.94672915,0.575778875,0.651620622,0.14436543
87,1,0.22225785,0.813775912,0.693767319,0.45100872,0.057675659
87,2,0.328177914,0.370043097,0.252366098,0.750767435,0.553550087
87,3,0.84214605,0.936881621,0.944773889,0.552408345,0.208382716
87,4,0.323904007,0.842855624,0.967885513,0.43774724,0.705587374
87,5,0.140716595,0.492246794,0.349657456,0.08265541,0.35532589
87,6,0.316963992,0.97307896,0.52885623,0.123900467,0.182344754
87,7,0.911014965,0.74511483,0.253954238,0.500962385,0.751761068
87,8,0.727676068,0.392685686,0.995910161,0.810728195,0.535844222
87,9,0.489028442,0.105582342,0.126871652,0.064424597,0.734859544
87,10,0.724439228,0.396485565,0.484424321,0.693105568,0.684933638
88,1,0.185544322,0.232302775,0.871121625,0.733951204,0.440994551
88,2,0.970766084,0.793168649,0.37784492,0.841061867,0.891323654
88,3,0.773066951,0.771302826,0.001446567,0.788668116,0.081654677
88,4,0.392241203,0.736152016,0.369517652,0.32143458,0.592289885
88,5,0.491456604,0.614413659,0.559165773,0.44078052,0.309357524
88,6,0.997262539,0.868307965,0.350310961,0.361627993,0.830989918
88,7,0.80647741,0.411910471,0.430303544,0.180377131,0.352198871
88,8,0.748598163,0.409729075,0.466993879,0.019449196,0.785868053
88,9,0.942609001,0.580892386,0.831977324,0.023086266,0.562756667
88,10,0.569876236,0.497942101,0.927269951,0.644213817,0.1828918
89,1,0.640502074,0.882323209,0.809498899,0.860106112,0.258362394
89,2,0.094913478,0.721320884,0.403042686,0.627559311,0.095131516
89,3,0.134853417,0.288344102,0.050189739,0.169190773,0.882280129
89,4,0.12889843,0.13628483,0.697307493,0.598610892,0.868163908
89,5,0.495901352,0.507604855,0.262074115,0.992500112,0.752507742
89,6,0.644315131,0.707607836,0.069304285,0.19028716,0.65767307
89,7,0.777617133,0.539755282,0.260305136,0.535352633,0.640886572
89,8,0.101781248,0.110476935,0.343102568,0.266135907,0.739525304
89,9,0.566649799,0.704467699,0.578286895,0.076664081,0.926864709
89,10,0.393267041,0.756719694,0.80556709,0.188833099,0.258815312
90,1,0.603737547,0.075504248,0.011695554,0.959644127,0.087432195
90,2,0.527697804,0.686995008,0.536812364,0.824500999,0.296106803
90,3,0.259750517,0.631956974,0.853342889,0.226027004,0.910255617
90,4,0.584923508,0.516449931,0.705091366,0.182423353,0.536704419
90,5,0.011088849,0.175524608,0.972965633,0.275475555,0.374392514
90,6,0.713522954,0.285285438,0.447054643,0.969089283,0.063805608
90,7,0.943150207,0.207001642,0.294799188,0.641186628,0.606168342
90,8,0.987835862,0.320906222,0.348214044,0.76126007,0.032623
90,9,0.84697361,0.964724145,0.540080191,0.157930341,0.301312268
90,10,0.636791118,0.199796895,0.923883246,0.556445203,0.155121421
91,1,0.520961252,0.830616559,0.079947763,0.450407754,0.654025535
91,2,0.336239678,0.311033434,0.355902126,0.330683328,0.673257676
91,3,0.190370346,0.932706025,0.287262004,0.492378258,0.453250322
91,4,0.890974473,0.692042046,0.752461169,0.532908122,0.479081144
91,5,0.267756817,0.591421162,0.751394989,0.664277341,0.352926144
91,6,0.113889306,0.897595034,0.447424175,0.799163298,0.999800221
91,7,0.212237416,0.36919392,0.544758731,0.951500701,0.211618939
91,8,0.257925392,0.955791072,0.911959214,0.481547631,0.678215346
91,9,0.374750534,0.899060069,0.951168102,0.391709571,0.63737337
91,10,0.024521372,0.228917301,0.09639611,0.076719964,0.959785968
92,1,0.554271001,0.363181092,0.220424289,0.509312866,0.529793132
92,2,0.015100301,0.093416546,0.39352908,0.350590387,0.596074508
92,3,0.481758438,0.440614785,0.792644423,0.092992472,0.770528629
92,4,0.489866037,0.192588355,0.513296348,0.807234882,0.743633704
92,5,0.917718201,0.631007787,0.986523484,0.52227831,0.341192641
92,6,0.720474226,0.528692138,0.475712235,0.032775702,0.546479393
92,7,0.136591631,0.721121083,0.788832464,0.875419248,0.804413928
92,8,0.201258637,0.920849979,0.992382015,0.915850855,0.636676717
92,9,0.327518496,0.505301236,0.053135584,0.138943073,0.203797548
92,10,0.484868292,0.619250106,0.3749648,0.180315526,0.554733356
93,1,0.271417588,0.416080252,0.152645513,0.600863264,0.922531599
93,2,0.572682812,0.045779324,0.145203859,0.738180889,0.857803819
93,3,0.545806915,0.206724914,0.202168156,0.265904967,0.946421087
93,4,0.835041393,0.546859359,0.403862185,0.357673617,0.401282474
93,5,0.416381651,0.75474219,0.756650524,0.54451719,0.776289847
93,6,0.596224155,0.227897311,0.458093898,0.952536188,0.062210766
93,7,0.645814715,0.269228065,0.522815025,0.498465749,0.136958241
93,8,0.707406484,0.581133721,0.650723552,0.319971894,0.607086132
93,9,0.013513877,0.252157858,0.191445013,0.576042936,0.510634497
93,10,0.542350939,0.737254767,0.424445924,0.001786209,0.87972415
94,1,0.161300266,0.963103062,0.74545869,0.090547009,0.800208092
94,2,0.697971003,0.697549673,0.465225,0.629497471,0.503548868
94,3,0.539452714,0.565450817,0.118718616,0.977507295,0.89978967
94,4,0.938368929,0.327045073,0.313593799,0.137057695,0.961912312
94,5,0.305030011,0.529404206,0.589261656,0.077363204,0.360128783
94,6,0.409266721,0.571423733,0.780007062,0.826803145,0.094959168
94,7,0.434036299,0.215277508,0.037122682,0.247665312,0.973673903
94,8,0.612279361,0.083545972,0.901699275,0.072463679,0.227820691
94,9,0.720226913,0.597487482,0.345221351,0.872055499,0.458782216
94,10,0.287742666,0.982480845,0.295255158,0.95557342,0.778844852
95,1,0.670445072,0.877926298,0.344135132,0.980706766,0.257218777
95,2,0.405625857,0.539258411,0.46269515,0.07191487,0.916889469
95,3,0.463338144,0.189372918,0.672122924,0.132087243,0.061585089
95,4,0.19087307,0.87170153,0.813674619,0.988389148,0.967698212
95,5,0.174827308,0.446616004,0.978882239,0.923875124,0.718574603
95,6,0.791266343,0.641072463,0.228723398,0.964131464,0.621046921
95,7,0.217243051,0.346084292,0.259018715,0.792448577,0.968847841
95,8,0.793135781,0.062991407,0.218609624,0.675245111,0.389073533
95,9,0.968961335,0.390481815,0.347935366,0.845896307,0.997630739
95,10,0.429975299,0.695673209,0.748858694,0.47280721,0.8082083
96,1,0.314652425,0.537110874,0.042781618,0.269403838,0.055383581
96,2,0.688967461,0.358679329,0.725664875,0.916126418,0.797815354
96,3,0.873497848,0.360650709,0.328002363,0.144325453,0.889222664
96,4,0.354310987,0.267472054,0.034959777,0.662390893,0.278089181
96,5,0.734426036,0.460644218,0.277805716,0.478908529,0.659759286
96,6,0.420011192,0.923538945,0.630833523,0.479691882,0.406198888
96,7,0.920058075,0.500028537,0.640448654,0.819706722,0.564157948
96,8,0.414126127,0.180055813,0.198940726,0.453493155,0.556275324
96,9,0.922369858,0.356674392,0.839050801,0.848678773,0.946392209
96,10,0.16786503,0.456897455,0.494054309,0.574368899,0.476872055
97,1,0.207800902,0.722475108,0.695246281,0.446657982,0.723268643
97,2,0.826968915,0.794694643,0.720573948,0.055276983,0.737488963
97,3,0.509681079,0.381886753,0.693391867,0.657373176,0.421390841
97,4,0.779602803,0.368997056,0.940844704,0.817199668,0.882713083
97,5,0.929242023,0.913350048,0.963375004,0.139813092,0.589262704
97,6,0.9289921,0.980130778,0.634484345,0.218650337,0.861484508
97,7,0.008046763,0.572889999,0.833972379,0.210936349,0.584966428
97,8,0.731104092,0.692746112,0.223997958,0.900875686,0.603105951
97,9,0.526057589,0.806252011,0.31378712,0.577411017,0.707221993
97,10,0.07611295,0.998797832,0.071489588,0.735898685,0.347550896
98,1,0.653636327,0.809322482,0.970383442,0.014900408,0.453410016
98,2,0.311922145,0.818597276,0.142350445,0.047141842,0.017134066
98,3,0.123191427,0.482337508,0.843600068,0.602808014,0.356191308
98,4,0.11760792,0.08225226,0.331940096,0.212638838,0.571636297
98,5,0.747674229,0.718740868,0.678885007,0.631361705,0.80411728
98,6,0.64368159,0.856281421,0.056774209,0.250644215,0.490256879
98,7,0.389017841,0.405907189,0.628746072,0.178699009,0.887752914
98,8,0.554633665,0.577129964,0.584413873,0.529928577,0.298729753
98,9,0.18307402,0.675763157,0.186357414,0.120168519,0.938019279
98,10,0.121578144,0.840844386,0.946774835,0.213087882,0.633631746
99,1,0.874585673,0.139146609,0.114076139,0.088621437,0.644350813
99,2,0.978166917,0.644106489,0.861252213,0.6035083,0.197197541
99,3,0.960385796,0.421357492,0.994857973,0.887347633,0.923943717
99,4,0.751783937,0.884274528,0.61310372,0.982595807,0.165209163
99,5,0.811629375,0.959297786,0.597922481,0.281339438,0.877271301
99,6,0.519234209,0.096595259,0.775973232,0.930152918,0.62309788
99,7,0.01370849,0.692405726,0.635459433,0.437776648,0.781375224
99,8,0.151832414,0.282090594,0.648888881,0.104096706,0.248050619
99,9,0.623479298,0.672683964,0.466563499,0.696404371,0.285831253
99,10,0.738992321,0.898944116,0.294924986,0.829947338,0.994039176
100,1,0.002184724,0.661488106,0.038201545,0.122737706,0.977980789
100,2,0.48862352,0.329839059,0.215622338,0.583282598,0.092737512
100,3,0.045725446,0.46736317,0.342247145,0.872571073,0.645075698
100,4,0.358815875,0.743709728,0.875238145,0.789762909,0.933657102
100,5,0.904830036,0.520408661,0.769746973,0.764029012,0.112312821
100,6,0.016142221,0.327528782,0.634565954,0.856920661,0.268894068
100,7,0.358153899,0.684402162,0.015097176,0.450273436,0.93310926
100,8,0.158595586,0.085680424,0.008496718,0.9423049,0.64793926
100,9,0.839196797,0.254844343,0.639329555,0.952464811,0.091023283
100,10,0.540249613,0.223532516,0.508856242,0.496926414,0.69689791
